Workbook

Sheet Enunciado
A1: Compresión CPM — Problema 2
A2: Enunciado y datos de entrada
A4: Fuente | B4: CONCEPTOS GENERALES — hoja Problema 2 CPM
A5: Unidad de tiempo | B5: semanas
A6: Método | B6: CPM (duraciones determinísticas)
A7: options | B7: probability_method=exact; variance_strategy=max_variance_path
A9: Salidas solicitadas | B9: Red actividad-nodo, Ruta crítica, Compresión del proyecto
A11: Supuestos e inferencias
A12: Campo | B12: Valor | C12: Justificación | D12: Procedencia
A13: calculation_method | B13: CPM | C13: Every activity has a single deterministic duration and no three-point estimates. | D13: Inferido
A15: Tabla completa de actividades y procedencia de cada dato: hoja 'Datos'.

Sheet Datos
A1: Datos de las actividades
A2: Unidad de tiempo: semanas · Método: CPM (duraciones determinísticas)
A4: Actividad | B4: Descripción | C4: Predecesoras | D4: Ficticia | E4: Duración (semanas) | F4: Duración mínima | G4: Costo normal | H4: Costo mínimo | I4: Procedencia
A5: A | C5: Ninguna | D5: No | E5: 2 | F5: 1 | G5: 500 | H5: 800 | I5: Dado por el usuario
A6: B | C6: Ninguna | D6: No | E6: 5 | F6: 3 | G6: 900 | H6: 1300 | I6: Dado por el usuario
A7: C | C7: Ninguna | D7: No | E7: 4 | F7: 3 | G7: 800 | H7: 1000 | I7: Dado por el usuario
A8: D | C8: A | D8: No | E8: 1 | F8: 1 | G8: 400 | H8: 400 | I8: Dado por el usuario
A9: E | C9: C | D9: No | E9: 3 | F9: 2 | G9: 1200 | H9: 1800 | I9: Dado por el usuario
A10: F | C10: B, D, E | D10: No | E10: 6 | F10: 4 | G10: 700 | H10: 900 | I10: Dado por el usuario
A11: G | C11: C | D11: No | E11: 8 | F11: 4 | G11: 600 | H11: 1200 | I11: Dado por el usuario

Sheet CPM
A1: Método de la ruta crítica (CPM) — duraciones determinísticas
A2: Duración mínima del proyecto (semanas) | D2: =MAX(F11,F12) -> 13
A3: Ruta crítica | D3: C – E – F
A5: Actividad | B5: Predecesoras | C5: Sucesoras | D5: Duración (semanas) | E5: Inicio más temprano (IC) | F5: Terminación más temprana (TC) | G5: Inicio más tardío (IL) | H5: Terminación más tardía (TL) | I5: Holgura (IL − IC) | J5: Holgura (TL − TC) | K5: Holgura libre | L5: ¿Crítica?
A6: A | B6: — | C6: D | D6: ='Datos'!$E$5 -> 2 | E6: 0 | F6: =E6+D6 -> 2 | G6: =H6-D6 -> 4 | H6: =MIN(G9) -> 6 | I6: =ROUND(G6-E6,10) -> 4 | J6: =ROUND(H6-F6,10) -> 4 | K6: =ROUND(MIN(E9)-F6,10) -> 0 | L6: =IF(ABS(I6)<0.000000001,"Sí","No") -> No
A7: B | B7: — | C7: F | D7: ='Datos'!$E$6 -> 5 | E7: 0 | F7: =E7+D7 -> 5 | G7: =H7-D7 -> 2 | H7: =MIN(G11) -> 7 | I7: =ROUND(G7-E7,10) -> 2 | J7: =ROUND(H7-F7,10) -> 2 | K7: =ROUND(MIN(E11)-F7,10) -> 2 | L7: =IF(ABS(I7)<0.000000001,"Sí","No") -> No
A8: C | B8: — | C8: E, G | D8: ='Datos'!$E$7 -> 4 | E8: 0 | F8: =E8+D8 -> 4 | G8: =H8-D8 -> 0 | H8: =MIN(G10,G12) -> 4 | I8: =ROUND(G8-E8,10) -> 0 | J8: =ROUND(H8-F8,10) -> 0 | K8: =ROUND(MIN(E10,E12)-F8,10) -> 0 | L8: =IF(ABS(I8)<0.000000001,"Sí","No") -> Sí
A9: D | B9: A | C9: F | D9: ='Datos'!$E$8 -> 1 | E9: =MAX(F6) -> 2 | F9: =E9+D9 -> 3 | G9: =H9-D9 -> 6 | H9: =MIN(G11) -> 7 | I9: =ROUND(G9-E9,10) -> 4 | J9: =ROUND(H9-F9,10) -> 4 | K9: =ROUND(MIN(E11)-F9,10) -> 4 | L9: =IF(ABS(I9)<0.000000001,"Sí","No") -> No
A10: E | B10: C | C10: F | D10: ='Datos'!$E$9 -> 3 | E10: =MAX(F8) -> 4 | F10: =E10+D10 -> 7 | G10: =H10-D10 -> 4 | H10: =MIN(G11) -> 7 | I10: =ROUND(G10-E10,10) -> 0 | J10: =ROUND(H10-F10,10) -> 0 | K10: =ROUND(MIN(E11)-F10,10) -> 0 | L10: =IF(ABS(I10)<0.000000001,"Sí","No") -> Sí
A11: F | B11: B, D, E | C11: — | D11: ='Datos'!$E$10 -> 6 | E11: =MAX(F7,F9,F10) -> 7 | F11: =E11+D11 -> 13 | G11: =H11-D11 -> 7 | H11: =$D$2 -> 13 | I11: =ROUND(G11-E11,10) -> 0 | J11: =ROUND(H11-F11,10) -> 0 | K11: =ROUND($D$2-F11,10) -> 0 | L11: =IF(ABS(I11)<0.000000001,"Sí","No") -> Sí
A12: G | B12: C | C12: — | D12: ='Datos'!$E$11 -> 8 | E12: =MAX(F8) -> 4 | F12: =E12+D12 -> 12 | G12: =H12-D12 -> 5 | H12: =$D$2 -> 13 | I12: =ROUND(G12-E12,10) -> 1 | J12: =ROUND(H12-F12,10) -> 1 | K12: =ROUND($D$2-F12,10) -> 1 | L12: =IF(ABS(I12)<0.000000001,"Sí","No") -> No
A14: Holgura = IL − IC = TL − TC; actividades con holgura 0 = ruta crítica. IC = máx(TC de predecesoras); TL = mín(IL de sucesoras).

Sheet Red AON
A1: Red ACTIVIDAD - NODO (método de Bernard Roy)
B3: Simbología del nodo
B4: Act. | C4: t | E4: Nombre de la actividad | Duración de la actividad
B5: IC | C5: TC | E5: Tpo. de inicio más temprano | Tpo. de finalización más temprano
B6: IL | C6: TL | E6: Tiempo de inicio más tarde | Tiempo de finalización más tarde
B7: Holgura | E7: Holgura
B9: Diagrama generado por el motor (nodos grises y flechas dobles = ruta crítica).
B36: Nodos con los tiempos calculados | L36: Precedencias (arcos de la red)
B37: A | C37: ='CPM'!$D$6 -> 2 | E37: D | F37: ='CPM'!$D$9 -> 1 | H37: F | I37: ='CPM'!$D$11 -> 6 | L37: Desde | M37: Hacia | N37: ¿Arco crítico?
B38: ='CPM'!$E$6 -> 0 | C38: ='CPM'!$F$6 -> 2 | E38: ='CPM'!$E$9 -> 2 | F38: ='CPM'!$F$9 -> 3 | H38: ='CPM'!$E$11 -> 7 | I38: ='CPM'!$F$11 -> 13 | L38: A | M38: D | N38: No
B39: ='CPM'!$G$6 -> 4 | C39: ='CPM'!$H$6 -> 6 | E39: ='CPM'!$G$9 -> 6 | F39: ='CPM'!$H$9 -> 7 | H39: ='CPM'!$G$11 -> 7 | I39: ='CPM'!$H$11 -> 13 | L39: C | M39: E | N39: Sí
B40: ='CPM'!$I$6 -> 4 | E40: ='CPM'!$I$9 -> 4 | H40: ='CPM'!$I$11 -> 0 | L40: B | M40: F | N40: No
L41: D | M41: F | N41: No
B42: B | C42: ='CPM'!$D$7 -> 5 | E42: E | F42: ='CPM'!$D$10 -> 3 | L42: E | M42: F | N42: Sí
B43: ='CPM'!$E$7 -> 0 | C43: ='CPM'!$F$7 -> 5 | E43: ='CPM'!$E$10 -> 4 | F43: ='CPM'!$F$10 -> 7 | L43: C | M43: G | N43: No
B44: ='CPM'!$G$7 -> 2 | C44: ='CPM'!$H$7 -> 7 | E44: ='CPM'!$G$10 -> 4 | F44: ='CPM'!$H$10 -> 7
B45: ='CPM'!$I$7 -> 2 | E45: ='CPM'!$I$10 -> 0
B47: C | C47: ='CPM'!$D$8 -> 4 | E47: G | F47: ='CPM'!$D$12 -> 8
B48: ='CPM'!$E$8 -> 0 | C48: ='CPM'!$F$8 -> 4 | E48: ='CPM'!$E$12 -> 4 | F48: ='CPM'!$F$12 -> 12
B49: ='CPM'!$G$8 -> 0 | C49: ='CPM'!$H$8 -> 4 | E49: ='CPM'!$G$12 -> 5 | F49: ='CPM'!$H$12 -> 13
B50: ='CPM'!$I$8 -> 0 | E50: ='CPM'!$I$12 -> 1

Sheet Compresión
A1: CPM — compresión del proyecto al menor costo directo
A2: Pendiente costo-tiempo = (Cc − Cn) / (Dn − Dc)
A4: Actividad | B4: Predecesoras | C4: Duración (Dn) | D4: Costo normal (Cn) | E4: Duración mínima (Dc) | F4: Costo mínimo (Cc) | G4: Pendiente | H4: Reducción máxima
A5: A | B5: Ninguna | C5: ='Datos'!$E$5 -> 2 | D5: ='Datos'!$G$5 -> 500 | E5: ='Datos'!$F$5 -> 1 | F5: ='Datos'!$H$5 -> 800 | G5: =IF(C5=E5,"No tiene",(F5-D5)/(C5-E5)) -> 300 | H5: =C5-E5 -> 1
A6: B | B6: Ninguna | C6: ='Datos'!$E$6 -> 5 | D6: ='Datos'!$G$6 -> 900 | E6: ='Datos'!$F$6 -> 3 | F6: ='Datos'!$H$6 -> 1300 | G6: =IF(C6=E6,"No tiene",(F6-D6)/(C6-E6)) -> 200 | H6: =C6-E6 -> 2
A7: C | B7: Ninguna | C7: ='Datos'!$E$7 -> 4 | D7: ='Datos'!$G$7 -> 800 | E7: ='Datos'!$F$7 -> 3 | F7: ='Datos'!$H$7 -> 1000 | G7: =IF(C7=E7,"No tiene",(F7-D7)/(C7-E7)) -> 200 | H7: =C7-E7 -> 1
A8: D | B8: A | C8: ='Datos'!$E$8 -> 1 | D8: ='Datos'!$G$8 -> 400 | E8: ='Datos'!$F$8 -> 1 | F8: ='Datos'!$H$8 -> 400 | G8: =IF(C8=E8,"No tiene",(F8-D8)/(C8-E8)) -> No tiene | H8: =C8-E8 -> 0
A9: E | B9: C | C9: ='Datos'!$E$9 -> 3 | D9: ='Datos'!$G$9 -> 1200 | E9: ='Datos'!$F$9 -> 2 | F9: ='Datos'!$H$9 -> 1800 | G9: =IF(C9=E9,"No tiene",(F9-D9)/(C9-E9)) -> 600 | H9: =C9-E9 -> 1
A10: F | B10: B, D, E | C10: ='Datos'!$E$10 -> 6 | D10: ='Datos'!$G$10 -> 700 | E10: ='Datos'!$F$10 -> 4 | F10: ='Datos'!$H$10 -> 900 | G10: =IF(C10=E10,"No tiene",(F10-D10)/(C10-E10)) -> 100 | H10: =C10-E10 -> 2
A11: G | B11: C | C11: ='Datos'!$E$11 -> 8 | D11: ='Datos'!$G$11 -> 600 | E11: ='Datos'!$F$11 -> 4 | F11: ='Datos'!$H$11 -> 1200 | G11: =IF(C11=E11,"No tiene",(F11-D11)/(C11-E11)) -> 150 | H11: =C11-E11 -> 4
A12: Costo directo total a duración normal | D12: =SUM(D5:D11) -> 5100
A14: Procedimiento: reducir 1 unidad por paso la(s) actividad(es) crítica(s) de menor pendiente
A15: Paso | B15: Duración (semanas) | C15: Costos directos | D15: Rutas críticas | E15: Actividades a reducir | F15: Reducción | G15: Incremento de costo | H15: A | I15: B | J15: C | K15: D | L15: E | M15: F | N15: G
A16: 0 | B16: 13 | C16: =D12 -> 5100 | D16: C-E-F | E16: F | F16: 1 | G16: =(G10)*F16 -> 100 | H16: 2 | I16: 5 | J16: 4 | K16: 1 | L16: 3 | M16: 6 | N16: 8
A17: 1 | B17: 12 | C17: =C16+G16 -> 5200 | D17: C-E-F; C-G | E17: C | F17: 1 | G17: =(G7)*F17 -> 200 | H17: 2 | I17: 5 | J17: 4 | K17: 1 | L17: 3 | M17: 5 | N17: 8
A18: 2 | B18: 11 | C18: =C17+G17 -> 5400 | D18: C-E-F; C-G | E18: F, G | F18: 1 | G18: =(G10+G11)*F18 -> 250 | H18: 2 | I18: 5 | J18: 3 | K18: 1 | L18: 3 | M18: 5 | N18: 8
A19: 3 | B19: 10 | C19: =C18+G18 -> 5650 | D19: C-E-F; C-G | E19: E, G | F19: 1 | G19: =(G9+G11)*F19 -> 750 | H19: 2 | I19: 5 | J19: 3 | K19: 1 | L19: 3 | M19: 4 | N19: 7
A20: 4 | B20: 9 | C20: =C19+G19 -> 6400 | D20: B-F; C-E-F; C-G | E20: — | H20: 2 | I20: 5 | J20: 3 | K20: 1 | L20: 2 | M20: 4 | N20: 6
A21: Motivo de parada: La ruta crítica C-E-F ya no tiene actividades reducibles: el proyecto llegó a su mínima reducción.
A23: Tabla resumen
A24: Duración (semanas) | B24: Costos directos | C24: Costos indirectos | D24: Costos totales
A25: 9 | B25: =C20 -> 6400 | C25: 6000 | D25: =B25+C25 -> 12400
A26: 10 | B26: =C19 -> 5650 | C26: 6150 | D26: =B26+C26 -> 11800
A27: 11 | B27: =C18 -> 5400 | C27: 6200 | D27: =B27+C27 -> 11600
A28: 12 | B28: =C17 -> 5200 | C28: 6500 | D28: =B28+C28 -> 11700
A29: 13 | B29: =C16 -> 5100 | C29: 7100 | D29: =B29+C29 -> 12200
A31: Duración de costo total mínimo | D31: 11
A32: Costo total mínimo (verificación) | D32: =MIN(D25:D29) -> 11600

Sheet Resultados
A1: Resultados finales
A2: Compresión CPM — Problema 2
A4: Parte | B4: Pregunta | C4: Respuesta | D4: Valor clave (vinculado)
A5: 1 | B5: Red actividad-nodo | C5: Red actividad-nodo en la hoja 'Red AON' con la simbología de nodo de seis casillas.
A6: 2 | B6: Ruta crítica | C6: Ruta crítica: C – E – F. | D6: ='CPM'!$D$3 -> C – E – F
A7: 3 | B7: Compresión del proyecto | C7: Duración normal 13 semanas con costo directo 5100; se puede reducir hasta 9 semanas con costo directo 6400. Duración de costo total mínimo: 11 semanas (costo total 11600). | D7: ='Compresión'!$D$32 -> 11600
A9: Procedencia de los datos
A10: Procedencia | B10: Actividades | C10: Campo
A11: Dado por el usuario | B11: 7
A13: Supuestos e inferencias
A14: Campo | B14: Valor | C14: Justificación | D14: Procedencia
A15: calculation_method | B15: CPM | C15: Every activity has a single deterministic duration and no three-point estimates. | D15: Inferido
A17: Validación independiente de los cálculos
A18: Verificación | B18: ¿Correcta? | C18: Detalle
A19: network arcs match the activity predecessor lists | B19: Sí | C19: ok
A20: schedule: durations match their source | B20: Sí | C20: ok
A21: schedule: EF−ES = LF−LS = duration and LS−ES = LF−EF | B21: Sí | C21: ok
A22: schedule: every precedence respected | B22: Sí | C22: ok
A23: schedule: project duration = longest path (independent relaxation) | B23: Sí | C23: ok
A24: schedule: each critical path sums to the project duration | B24: Sí | C24: ok
A25: Gantt bars match ES→EF / LS→LF and critical flags | B25: Sí | C25: ok
A26: crashing states re-scheduled and re-costed | B26: Sí | C26: ok
